{
  "eye": {
    "orientation": [
      -0.05672356113791466,
      0.4586317241191864,
      -0.40527841448783875,
      0.7887894511222839
    ],
    "magnitude": 0.04829397425055504,
    "position": [
      1860.430419921875,
      -88.01828002929688,
      1209.1888427734375
    ]
  },
  "radius": 793.2212524414062,
  "type": "PERSPECTIVE"
}