{
  "eye": {
    "orientation": [
      0.2585213780403137,
      -0.5388854146003723,
      0.17822585999965668,
      0.7816680073738098
    ],
    "magnitude": 0.5773502588272095,
    "position": [
      378.88134765625,
      -13.149598121643066,
      228.5033416748047
    ]
  },
  "radius": 1500,
  "type": "PERSPECTIVE"
}