{
  "eye": {
    "orientation": [
      -0.42631781101226807,
      -0.599384605884552,
      0.30550968647003174,
      0.6046942472457886
    ],
    "magnitude": 1,
    "position": [
      -436.62384033203125,
      434.5537109375,
      236.7667236328125
    ]
  },
  "radius": 542.9548950195312,
  "type": "PERSPECTIVE"
}