{
  "eye": {
    "orientation": [
      -0.07028934359550476,
      -0.09312581270933151,
      0.12453393638134003,
      0.9853315949440002
    ],
    "magnitude": 0.33078107237815857,
    "position": [
      321.12213134765625,
      542.283203125,
      1843.336669921875
    ]
  },
  "radius": 793.2212524414062,
  "type": "PERSPECTIVE"
}