{
  "eye": {
    "orientation": [
      -0.09625247865915298,
      0.19655874371528625,
      0.9497827887535095,
      -0.22363539040088654
    ],
    "magnitude": 0.19462992250919342,
    "position": [
      212.41470336914062,
      885.07080078125,
      1734.6746826171875
    ]
  },
  "radius": 793.2212524414062,
  "type": "PERSPECTIVE"
}