{
  "eye": {
    "orientation": [
      0,
      -0.2588192820549011,
      0,
      -0.9659258127212524
    ],
    "magnitude": 0.5773502588272095,
    "position": [
      42.09204864501953,
      -10,
      73.9024658203125
    ]
  },
  "radius": 1500,
  "type": "PERSPECTIVE"
}