{
  "eye": {
    "orientation": [
      -0.23098129034042358,
      -0.3781411051750183,
      -0.7382676601409912,
      0.5085447430610657
    ],
    "magnitude": 1,
    "position": [
      1141.1043701171875,
      30.744949340820312,
      625.088623046875
    ]
  },
  "radius": 793.2212524414062,
  "type": "PERSPECTIVE"
}