{
  "eye": {
    "orientation": [
      -0.1579437553882599,
      -0.17058280110359192,
      0.027650462463498116,
      0.9722092151641846
    ],
    "magnitude": 0.17565351724624634,
    "position": [
      100.24859619140625,
      832.200927734375,
      1715.0963134765625
    ]
  },
  "radius": 793.2212524414062,
  "type": "PERSPECTIVE"
}