{
  "eye": {
    "orientation": [
      0.6936758160591125,
      -0.20013494789600372,
      -0.32616105675697327,
      -0.6102284789085388
    ],
    "magnitude": 1,
    "position": [
      584.358642578125,
      306.740966796875,
      170.2289581298828
    ]
  },
  "radius": 793.2212524414062,
  "type": "PERSPECTIVE"
}