{
  "eye": {
    "orientation": [
      -0.330960750579834,
      -0.7633646130561829,
      0.42376384139060974,
      0.35799965262413025
    ],
    "magnitude": 1,
    "position": [
      -287.7906494140625,
      -99.9371337890625,
      -131.34970092773438
    ]
  },
  "radius": 793.2212524414062,
  "type": "PERSPECTIVE"
}