{
  "eye": {
    "orientation": [
      -0.6924428343772888,
      -0.1906672567129135,
      -0.3193710446357727,
      0.6181999444961548
    ],
    "magnitude": 1,
    "position": [
      898.0038452148438,
      31.99616241455078,
      263.7821044921875
    ]
  },
  "radius": 793.2212524414062,
  "type": "PERSPECTIVE"
}